{
    "rmse": 0.6824035313592093,
    "mae": 0.542099716404763,
    "r2": 0.2876802575756644
}